<?xml version="1.0" encoding="UTF-8"?>
<CustomLabels xmlns="http://soap.sforce.com/2006/04/metadata">
    <labels>
        <fullName>LB2BActivateUser</fullName>
        <language>en_US</language>
        <protected>false</protected>
        <shortDescription>LB2BActivateUser</shortDescription>
        <value>Are you sure you want to activate user?</value>
    </labels>
    <labels>
        <fullName>LB2BApplyAllAssignments</fullName>
        <language>en_US</language>
        <protected>false</protected>
        <shortDescription>LB2BApplyAllAssignments</shortDescription>
        <value>Apply My Assignments</value>
    </labels>
    <labels>
        <fullName>LB2BApplyMyAssignments</fullName>
        <language>en_US</language>
        <protected>false</protected>
        <shortDescription>LB2BApplyMyAssignments</shortDescription>
        <value>Apply all My Assignments</value>
    </labels>
    <labels>
        <fullName>LB2BDeactivateUser</fullName>
        <language>en_US</language>
        <protected>false</protected>
        <shortDescription>LB2BDeactivateUser</shortDescription>
        <value>Are you sure you want to deactivate user?</value>
    </labels>
    <labels>
        <fullName>LB2BEditUser</fullName>
        <language>en_US</language>
        <protected>false</protected>
        <shortDescription>LB2BEditUser</shortDescription>
        <value>Edit User</value>
    </labels>
    <labels>
        <fullName>LB2BEmailId</fullName>
        <language>en_US</language>
        <protected>false</protected>
        <shortDescription>LB2BEmailId</shortDescription>
        <value>Email</value>
    </labels>
    <labels>
        <fullName>LB2BFullName</fullName>
        <language>en_US</language>
        <protected>false</protected>
        <shortDescription>LB2BFullName</shortDescription>
        <value>Full Name</value>
    </labels>
    <labels>
        <fullName>LB2BNewUser</fullName>
        <language>en_US</language>
        <protected>false</protected>
        <shortDescription>LB2BNewUser</shortDescription>
        <value>New User</value>
    </labels>
    <labels>
        <fullName>LB2BUserName</fullName>
        <language>en_US</language>
        <protected>false</protected>
        <shortDescription>LB2BUserName</shortDescription>
        <value>Username</value>
    </labels>
</CustomLabels>
