{
  "componentVariants" : [ {
    "id" : "cdcadbd8-b062-4fd9-b6a2-d2bfd7b97900",
    "propertyOverrides" : {
      "componentAttributes" : {
        "customizableUserProfileMenuEditor" : "LB2B_Requester_View_User_Profile_Menu"
      }
    },
    "targetId" : "6255ed31-de74-4212-9e1e-2b7f27bc544f",
    "type" : "componentVariant"
  } ],
  "developerName" : "Home_Customizable_User_Profile_Menu_Component_Properties",
  "id" : "7d0e70f0-9a34-4f46-b47a-caef5a13d889",
  "type" : "experienceVariation"
}