<?xml version="1.0" encoding="UTF-8"?>
<NamedCredential xmlns="http://soap.sforce.com/2006/04/metadata">
    <allowMergeFieldsInBody>true</allowMergeFieldsInBody>
    <allowMergeFieldsInHeader>false</allowMergeFieldsInHeader>
    <endpoint>https://u-api.sbdinc.com/OMS/v1/Invoice-BOL?id=5f4ff2be6b174993af90351fa5cd23e7</endpoint>
    <generateAuthorizationHeader>true</generateAuthorizationHeader>
    <label>lb2bInvoiceBolMX</label>
    <principalType>NamedUser</principalType>
    <protocol>NoAuthentication</protocol>
</NamedCredential>
