{
  "cmsSettings" : { },
  "currentThemeId" : "bda7fc93-4160-48ef-bad2-ffafe0d11549",
  "headMarkup" : "<link rel=\"shortcut icon\" href=\"https://sbd365-uat.uat.sbd-nonprod.com/static-images/SBD365_Logo Mark_Fnl_Color._32x32jpg.jpg\" type=\"image/x-icon\"/>\n<!-- Google Tag Manager -->\n<script>\n document.addEventListener('updatedatalayer',function(e)\n{window.dataLayer=window.dataLayer||[];\n window.dataLayer.push(e.detail);\n}); \n</script>\n<script>\n(function(w,d,s,l,i){w[l]=w[l]||[];w[l].push({'gtm.start':\nnew Date().getTime(),event:'gtm.js'});var f=d.getElementsByTagName(s)[0],\nj=d.createElement(s),dl=l!='dataLayer'?'&l='+l:'';j.async=true;j.src=\n'https://www.googletagmanager.com/gtm.js?id='+i+dl;f.parentNode.insertBefore(j,f);\n})(window,document,'script','dataLayer','GTM-M9RNJX8');</script>\n<!-- End Google Tag Manager -->\n\n<!-- Font import -->\n<link href=\"https://fonts.googleapis.com\">\n<link href=\"https://fonts.gstatic.com\" crossorigin>\n<link href=\"https://fonts.googleapis.com/css2?family=Montserrat:wght@100;200;300;400;500;600;700;800;900&display=swap\" rel=\"stylesheet\">",
  "id" : "5e889692-eb74-4404-8578-68f8ba3ecb63",
  "isLockerServiceEnabled" : true,
  "isRelaxedCSPLevel" : true,
  "label" : "main",
  "templateName" : "B2B Commerce Template",
  "type" : "appPage"
}