{
  "forgotPasswordRouteId" : "980890e6-75e7-4a27-807a-a438b3921dea",
  "isAvailableToGuests" : false,
  "isFilteredComponentsView" : true,
  "isProgressiveRenderingEnabled" : false,
  "loginAppPageId" : "468f63c0-a528-4c32-88ec-834a56f7f623",
  "mainAppPageId" : "5e889692-eb74-4404-8578-68f8ba3ecb63",
  "preferredDomain" : "none",
  "selfRegistrationRouteId" : "7a233f99-cfc2-4d93-8455-7c64c24b07d2",
  "trustedSitesForScript" : [ {
    "id" : "f348e7f8-fffd-433d-b4d8-cbb0c7c5867e",
    "isActive" : true,
    "trustedSiteName" : "www.google-analytics.com",
    "trustedSiteUrl" : "https://www.google-analytics.com",
    "type" : "trustedSitesForScripts"
  }, {
    "id" : "a98a9461-7ffe-4539-bddd-701c6dc5454a",
    "isActive" : true,
    "trustedSiteName" : "stats.g.doubleclick.net",
    "trustedSiteUrl" : "https://stats.g.doubleclick.net",
    "type" : "trustedSitesForScripts"
  }, {
    "id" : "2c006b27-a109-4bd5-8c6f-170a81b9e07b",
    "isActive" : false,
    "trustedSiteName" : "www.googletagmanager.com",
    "trustedSiteUrl" : "https://www.googletagmanager.com/gtag/js",
    "type" : "trustedSitesForScripts"
  }, {
    "id" : "b7db443c-701b-42a8-9f80-d90f702b3dbe",
    "isActive" : true,
    "trustedSiteName" : "salesforceliveagent",
    "trustedSiteUrl" : "https://c.la1-c1cs-ia2.salesforceliveagent.com",
    "type" : "trustedSitesForScripts"
  }, {
    "id" : "82d7d503-073e-4d9e-b24d-e4ad56c32418",
    "isActive" : true,
    "trustedSiteName" : "Contact",
    "trustedSiteUrl" : "http://mumfw.corp.capgemini.com:9998",
    "type" : "trustedSitesForScripts"
  }, {
    "id" : "3fadabee-6d6e-4761-9ece-4ffb5a08e55d",
    "isActive" : true,
    "trustedSiteName" : "logo",
    "trustedSiteUrl" : "https://gts-na--devoms3--c.visualforce.com",
    "type" : "trustedSitesForScripts"
  }, {
    "id" : "c6d82adb-2e67-458c-aa87-4ac6951c4a5c",
    "isActive" : true,
    "trustedSiteName" : "www.googletagmanager.com1",
    "trustedSiteUrl" : "https://www.googletagmanager.com",
    "type" : "trustedSitesForScripts"
  }, {
    "id" : "926d1113-319b-42db-af5c-275e588aea51",
    "isActive" : true,
    "trustedSiteName" : "INVOICE",
    "trustedSiteUrl" : "https://t-api.sbdinc.com/OMS/v1/Invoice-BOL",
    "type" : "trustedSitesForScripts"
  }, {
    "id" : "b3ed0313-57fd-48f5-a982-b88b3513e247",
    "isActive" : true,
    "trustedSiteName" : "Tag Manager debug",
    "trustedSiteUrl" : "https://tagmanager.google.com",
    "type" : "trustedSitesForScripts"
  }, {
    "id" : "daa80405-8b82-43d9-9321-3af768be2a24",
    "isActive" : true,
    "trustedSiteName" : "Live agent 2",
    "trustedSiteUrl" : "https://d.la1-c1cs-ia2.salesforceliveagent.com",
    "type" : "trustedSitesForScripts"
  } ],
  "type" : "site"
}