<?xml version="1.0" encoding="UTF-8"?>
<LightningComponentBundle xmlns="http://soap.sforce.com/2006/04/metadata">
    <apiVersion>55.0</apiVersion>
    <isExposed>true</isExposed>
    <masterLabel>LB2B Results Layout</masterLabel>
    <targets>
        <target>lightningCommunity__Page</target>
        <target>lightningCommunity__Default</target>
        <target>lightning__AppPage</target>
    </targets>
    <targetConfigs>
        <targetConfig targets="lightningCommunity__Default">
            <property name="recordId" type="String" label="Record Id" description="The category ID of the results being displayed" default="{!recordId}" />
            <property name="term" type="String" label="Search Term" description="Automatically bind the page's search term to the component variable" default="{!term}" />
            <property name="effectiveAccountId" type="String" label="Effective Account Id" description="The ID of the account under which the user is acting (BETA)" default="{!CurrentUser.effectiveAccountId}" />
            <property name="pageSize" type="Integer" label="Product Count" description="Set the number of products per page" default="30" />
            <property name="promoSpot" type="Integer" label="Product Count" description="Set where in the list the promotion displays" default="6" />
        </targetConfig>
    </targetConfigs>
</LightningComponentBundle>