{
  "appPageId" : "5e889692-eb74-4404-8578-68f8ba3ecb63",
  "componentName" : "siteforce:sldsOneColLayout",
  "id" : "5994d295-c7d1-467d-9a4d-5ed7360bb6e7",
  "label" : "Account Management",
  "regions" : [ {
    "id" : "b946bc1d-5ef2-4ce0-9884-7782d64a26a9",
    "regionName" : "header",
    "type" : "region"
  }, {
    "components" : [ {
      "componentAttributes" : {
        "tabsetConfig" : {
          "UUID" : "d88cd4cb-7d2c-42a0-a0da-18feca0aefad",
          "activeTab" : "tab2",
          "tabs" : [ {
            "UUID" : "3a0f14a5-0671-4496-83c5-3911f7aae24b",
            "allowGuestUser" : false,
            "locked" : false,
            "seedComponents" : [ {
              "attributes" : {
                "parentRecordId" : "{!CurrentUser.effectiveAccountId}",
                "relatedListName" : "Carts",
                "showBreadCrumbs" : "false",
                "showCustomTitle" : "false",
                "showManualRefreshButton" : "false",
                "showRowNumbers" : "false"
              },
              "fqn" : "forceCommunity:relatedList"
            } ],
            "tabKey" : "tab2",
            "tabName" : "CHARIOTS"
          } ],
          "useOverflowMenu" : false
        }
      },
      "componentName" : "forceCommunity:tabset",
      "id" : "d88cd4cb-7d2c-42a0-a0da-18feca0aefad",
      "regions" : [ {
        "components" : [ {
          "componentAttributes" : {
            "customTitle" : "",
            "parentRecordId" : "{!CurrentUser.effectiveAccountId}",
            "relatedListName" : "Carts",
            "showBreadCrumbs" : true,
            "showCustomTitle" : false,
            "showManualRefreshButton" : false,
            "showRowNumbers" : false
          },
          "componentName" : "forceCommunity:relatedList",
          "id" : "7bd00d67-b479-4136-b0d9-eaead357fc45",
          "renditionMap" : { },
          "type" : "component"
        } ],
        "id" : "3a0f14a5-0671-4496-83c5-3911f7aae24b",
        "regionLabel" : "Carts",
        "regionName" : "tab2",
        "renditionMap" : {
          "es_mx" : "8a8ba8a0-6194-4b4d-946b-3dde9eb42b17",
          "fr" : "2afcb78f-0f23-4748-8d2f-e722b782fd5d"
        },
        "renditions" : [ {
          "id" : "2afcb78f-0f23-4748-8d2f-e722b782fd5d",
          "renditionValue" : {
            "regionLabel" : "CHARIOTS"
          },
          "type" : "renditionComponent"
        }, {
          "id" : "8a8ba8a0-6194-4b4d-946b-3dde9eb42b17",
          "renditionValue" : {
            "regionLabel" : "CHARIOTS"
          },
          "type" : "renditionComponent"
        } ],
        "type" : "region"
      } ],
      "renderPriority" : "NEUTRAL",
      "renditionMap" : { },
      "type" : "component"
    } ],
    "id" : "fede8a1b-ceae-42ff-b012-f17fd48478c9",
    "regionName" : "content",
    "type" : "region"
  }, {
    "id" : "f1edad7e-ee51-480d-b2f2-cbe6772ac862",
    "regionName" : "footer",
    "type" : "region"
  }, {
    "components" : [ {
      "componentAttributes" : {
        "customHeadTags" : "",
        "description" : "",
        "title" : "Account Management"
      },
      "componentName" : "forceCommunity:seoAssistant",
      "id" : "e6649910-7e2d-4797-963f-4180fbbf26f2",
      "renditionMap" : { },
      "type" : "component"
    } ],
    "id" : "3cd3088e-ccd4-4fe8-a772-9d3425856f4a",
    "regionName" : "sfdcHiddenRegion",
    "type" : "region"
  } ],
  "themeLayoutType" : "Inner",
  "type" : "view",
  "viewType" : "account-management"
}