{
  "appPageId" : "5e889692-eb74-4404-8578-68f8ba3ecb63",
  "componentName" : "siteforce:sldsOneColLayout",
  "id" : "32ea7688-bf47-48c0-bc81-53f041512ae3",
  "label" : "Cart List",
  "regions" : [ {
    "id" : "4f87a275-8b97-49f2-b49b-78dbc32cf734",
    "regionName" : "header",
    "type" : "region"
  }, {
    "components" : [ {
      "componentAttributes" : {
        "enableInlineEdit" : true,
        "filterName" : "{!filterId}",
        "layout" : "FULL",
        "pageSize" : 5,
        "scope" : "{!objectName}",
        "showActionBar" : true,
        "showChartsPanel" : true,
        "showDisplay" : "showall",
        "showFilterPanel" : true,
        "showImageIcon" : true,
        "showManualRefreshButton" : true,
        "showObjectName" : true,
        "showPinnedList" : true,
        "showSearchBar" : true
      },
      "componentName" : "forceCommunity:objectHome",
      "id" : "977d1378-30be-46da-94f0-03057f0fc067",
      "renderPriority" : "NEUTRAL",
      "renditionMap" : { },
      "type" : "component"
    } ],
    "id" : "cad3ec83-3f17-43fc-858f-17e7e25f31a7",
    "regionName" : "content",
    "type" : "region"
  }, {
    "id" : "1a48ee56-25ba-4f5d-bd48-c890a5a481b1",
    "regionName" : "footer",
    "type" : "region"
  } ],
  "themeLayoutType" : "Inner",
  "type" : "view",
  "viewType" : "list-0a6"
}