{
  "appPageId" : "5e889692-eb74-4404-8578-68f8ba3ecb63",
  "componentName" : "siteforce:sldsTwoCol84SidebarFeaturedLayout",
  "id" : "86649368-b4b1-4c26-b34e-45f4857017f0",
  "label" : "Cart",
  "regions" : [ {
    "id" : "fe3be7eb-8dd3-47dd-bbbd-c3dbbc60ed68",
    "regionName" : "header",
    "type" : "region"
  }, {
    "components" : [ {
      "componentAttributes" : {
        "effectiveAccountId" : "{!CurrentUser.effectiveAccountId}",
        "recordId" : "{!recordId}"
      },
      "componentName" : "c:lb2bCartContent",
      "id" : "9fdf8648-38e5-4fae-9537-35bf5e218d68",
      "renderPriority" : "NEUTRAL",
      "renditionMap" : { },
      "type" : "component"
    }, {
      "componentAttributes" : {
        "appliedPromotionsFontSize" : "medium",
        "appliedPromotionsTextColor" : "rgb(79,79,79)",
        "appliedPromotionsTitleFontSize" : "medium",
        "appliedPromotionsTitleText" : "Promotions",
        "appliedPromotionsTitleTextColor" : "rgb(79,79,79)",
        "backgroundColor" : "rgb(241, 241, 241)",
        "discountAmountTextColor" : "rgb(79,79,79)",
        "showDiscountAmount" : true,
        "showTermsAndConditions" : true,
        "termsAndConditionsTitleText" : "Terms and Conditions"
      },
      "componentName" : "b2b_buyer_builder:cartAppliedPromotions",
      "id" : "ab281725-030b-4b8c-b654-888be705cca2",
      "renderPriority" : "NEUTRAL",
      "renditionMap" : { },
      "type" : "component"
    } ],
    "id" : "c30b23c1-071c-4941-bd1f-8d9acbb2760f",
    "regionName" : "content",
    "type" : "region"
  }, {
    "components" : [ {
      "componentAttributes" : { },
      "componentName" : "c:lb2bCartOrderSummary",
      "id" : "eedc8be6-6844-4fa2-9f30-7a4ac4a8b8cb",
      "renderPriority" : "NEUTRAL",
      "renditionMap" : { },
      "type" : "component"
    } ],
    "id" : "d600f3a1-0ce9-4687-8401-9c1ac6b49567",
    "regionName" : "sidebar",
    "type" : "region"
  }, {
    "id" : "73c92031-21ac-406d-a1e8-cbdc71ff7c04",
    "regionName" : "footer",
    "type" : "region"
  }, {
    "id" : "ad46dc48-344d-47f7-9ee7-2097d3174a5b",
    "regionName" : "featured",
    "type" : "region"
  } ],
  "themeLayoutType" : "Inner",
  "type" : "view",
  "viewType" : "detail-0a6"
}