{
  "appPageId" : "5e889692-eb74-4404-8578-68f8ba3ecb63",
  "componentName" : "siteforce:sldsOneColLayout",
  "id" : "01e9a4af-1163-4d0f-bd29-fab8756ddd6d",
  "label" : "Category List",
  "regions" : [ {
    "id" : "10305a31-0929-434f-bd01-fc9bbecbce17",
    "regionName" : "header",
    "type" : "region"
  }, {
    "id" : "c010049f-6a17-4d51-be09-ca64960262c4",
    "regionName" : "content",
    "type" : "region"
  }, {
    "id" : "0063449c-c871-4287-93ca-3ce0483dbd52",
    "regionName" : "footer",
    "type" : "region"
  } ],
  "themeLayoutType" : "Inner",
  "type" : "view",
  "viewType" : "list-0ZG"
}