{
  "appPageId" : "5e889692-eb74-4404-8578-68f8ba3ecb63",
  "componentName" : "siteforce:sldsTwoCol66Layout",
  "id" : "a6fb463f-1112-4814-ac52-ef5432f70ae7",
  "label" : "Contact Support",
  "regions" : [ {
    "id" : "38599486-2ba1-46fe-878a-c21d6add8fff",
    "regionName" : "header",
    "type" : "region"
  }, {
    "id" : "2f4ff6ad-b05d-4562-b6f1-424476f9b70b",
    "regionName" : "content",
    "type" : "region"
  }, {
    "id" : "ce107866-d3fe-4e4c-8b8d-5bebc0f06a98",
    "regionName" : "sidebar",
    "type" : "region"
  }, {
    "id" : "c800e02a-7b57-4a79-8a88-af84d40e24a2",
    "regionName" : "footer",
    "type" : "region"
  }, {
    "components" : [ {
      "componentAttributes" : {
        "customHeadTags" : "",
        "description" : "",
        "title" : "Contact Support"
      },
      "componentName" : "forceCommunity:seoAssistant",
      "id" : "88eb91eb-84f3-4d3b-8bc8-694000705061",
      "renditionMap" : { },
      "type" : "component"
    } ],
    "id" : "279ec2d7-2552-4400-a51e-f6f138b5ad6e",
    "regionName" : "sfdcHiddenRegion",
    "type" : "region"
  } ],
  "themeLayoutType" : "Inner",
  "type" : "view",
  "viewType" : "contactsupport"
}