{
  "appPageId" : "5e889692-eb74-4404-8578-68f8ba3ecb63",
  "componentName" : "siteforce:sldsOneColLayout",
  "id" : "2accccf9-c02d-4551-b866-439f6db299ce",
  "label" : "Feed Detail",
  "regions" : [ {
    "id" : "45764cd1-26a1-4978-b91b-b978809563b4",
    "regionName" : "header",
    "type" : "region"
  }, {
    "components" : [ {
      "componentAttributes" : {
        "id" : "{!recordId}"
      },
      "componentName" : "forceCommunity:feedItemDetail",
      "id" : "e35fe8b4-ae04-4806-b6ec-4ab994452e51",
      "renderPriority" : "NEUTRAL",
      "renditionMap" : { },
      "type" : "component"
    } ],
    "id" : "475127a2-9725-40b3-a057-6abf01216ba6",
    "regionName" : "content",
    "type" : "region"
  }, {
    "id" : "a2e967b6-7e0f-4996-a99c-c50f7e19e58b",
    "regionName" : "footer",
    "type" : "region"
  } ],
  "themeLayoutType" : "Inner",
  "type" : "view",
  "viewType" : "feeditem-generic"
}