{
  "appPageId" : "468f63c0-a528-4c32-88ec-834a56f7f623",
  "componentName" : "siteforce:sldsOneColLayout",
  "id" : "96a3a084-bdde-4b9d-8cdb-eadd95a027b1",
  "label" : "Login",
  "regions" : [ {
    "components" : [ {
      "componentAttributes" : { },
      "componentName" : "salesforceIdentity:communityLogo2",
      "id" : "ad46e55c-f5e1-4f32-bc8b-ecd16923f052",
      "renderPriority" : "NEUTRAL",
      "renditionMap" : { },
      "type" : "component"
    }, {
      "componentAttributes" : {
        "pickerAlignment" : "Center"
      },
      "componentName" : "forceCommunity:languagePicker",
      "id" : "35b84233-945e-48c3-b825-e2cab929ede0",
      "renderPriority" : "NEUTRAL",
      "renditionMap" : { },
      "type" : "component"
    }, {
      "componentAttributes" : {
        "forgotPasswordLabel" : "Forgot your password?",
        "forgotPasswordUrl" : "/ForgotPassword",
        "loginButtonLabel" : "Login",
        "passwordLabel" : "Password",
        "selfRegisterLabel" : "Not a member?",
        "selfRegisterUrl" : "/SelfRegister",
        "startUrl" : "",
        "usernameLabel" : "Username"
      },
      "componentName" : "salesforceIdentity:loginForm2",
      "id" : "27d02452-5b05-4a92-bf35-c25e1f9590ca",
      "renderPriority" : "NEUTRAL",
      "renditionMap" : {
        "es_mx" : "01919e2a-8278-403d-8898-a4cc5f6685e1",
        "fr" : "24d2eb3e-d131-4dc6-8bdc-d382e2226976"
      },
      "renditions" : [ {
        "id" : "01919e2a-8278-403d-8898-a4cc5f6685e1",
        "renditionValue" : {
          "componentAttributes" : {
            "forgotPasswordLabel" : "Olvidaste tu contraseña?",
            "loginButtonLabel" : "Acceso",
            "passwordLabel" : "Contraseña",
            "usernameLabel" : "Nombre de usuario"
          }
        },
        "type" : "renditionComponent"
      }, {
        "id" : "24d2eb3e-d131-4dc6-8bdc-d382e2226976",
        "renditionValue" : {
          "componentAttributes" : {
            "forgotPasswordLabel" : "Mot de passe oublié?",
            "loginButtonLabel" : "Connexion",
            "passwordLabel" : "Mot de passe",
            "usernameLabel" : "Nom d'utilisateur"
          }
        },
        "type" : "renditionComponent"
      } ],
      "type" : "component"
    }, {
      "componentAttributes" : {
        "richTextValue" : "<p style=\"text-align: center;\"><span style=\"color: rgb(36, 36, 36); font-size: 12px;\">﻿Having trouble logging in or you need help with creating an account! Email us at</span></p><p style=\"text-align: center;\"><a href=\"mailto:support.SBD365@sbdinc.com\" rel=\"noopener noreferrer\" target=\"null\" style=\"color: rgb(0, 0, 0); font-size: 12px; background-color: rgb(255, 255, 255);\"><strong>SBD365@sbdinc.com</strong></a></p>"
      },
      "componentName" : "forceCommunity:richTextInline",
      "id" : "f8e7bf6e-3cfb-4a54-8bc4-4cc8480e3c56",
      "renderPriority" : "NEUTRAL",
      "renditionMap" : {
        "es_mx" : "46ddfb49-4465-4271-81f9-a903dcf7aa33"
      },
      "renditions" : [ {
        "id" : "46ddfb49-4465-4271-81f9-a903dcf7aa33",
        "renditionValue" : {
          "componentAttributes" : {
            "richTextValue" : "<p style=\"text-align: center;\"><span style=\"color: rgb(23, 43, 77); font-size: 12px; background-color: rgb(255, 255, 255);\">﻿Having trouble logging in! Email us at</span></p><p style=\"text-align: center;\"><a href=\"mailto:support.SBD365@sbdinc.com\" rel=\"noopener noreferrer\" target=\"null\" style=\"color: rgb(0, 0, 0); font-size: 14px; background-color: rgb(255, 255, 255);\"><b>SBD365@sbdinc.com</b></a></p>"
          }
        },
        "type" : "renditionComponent"
      } ],
      "type" : "component"
    }, {
      "componentAttributes" : {
        "headerText" : "",
        "showHeader" : false,
        "useCommunityDomainSso" : false
      },
      "componentName" : "salesforceIdentity:socialLogin2",
      "id" : "10c4c1c4-267d-486d-bcca-266c33ffd918",
      "renderPriority" : "NEUTRAL",
      "renditionMap" : { },
      "type" : "component"
    } ],
    "id" : "58feedd8-5b0d-4c0d-a35f-640356dcb473",
    "regionName" : "content",
    "type" : "region"
  }, {
    "components" : [ {
      "componentAttributes" : {
        "customHeadTags" : "",
        "description" : "",
        "title" : "Login"
      },
      "componentName" : "forceCommunity:seoAssistant",
      "id" : "c8614022-4d82-4916-82b0-a0298805f9a2",
      "renditionMap" : { },
      "type" : "component"
    } ],
    "id" : "60c2812e-ba14-432d-8787-dbc6dbc9b471",
    "regionName" : "sfdcHiddenRegion",
    "type" : "region"
  } ],
  "themeLayoutType" : "Login",
  "type" : "view",
  "viewType" : "login-home"
}