{
  "appPageId" : "468f63c0-a528-4c32-88ec-834a56f7f623",
  "componentName" : "siteforce:sldsOneColLayout",
  "id" : "6a75a7b5-c8a1-4815-a735-e43aa58a9623",
  "label" : "Login Error",
  "regions" : [ {
    "id" : "21142504-855b-48e8-a9a4-2634889d4f59",
    "regionName" : "header",
    "type" : "region"
  }, {
    "components" : [ {
      "componentAttributes" : {
        "richTextValue" : "<p style=\"text-align: center;\">Invalid Username or Password</p>"
      },
      "componentName" : "forceCommunity:richTextInline",
      "id" : "0b146b88-d41d-498e-a39f-a7e1b8864d38",
      "renderPriority" : "NEUTRAL",
      "renditionMap" : { },
      "type" : "component"
    } ],
    "id" : "a6f23631-3f5f-46d3-98ff-c1c2da825618",
    "regionName" : "content",
    "type" : "region"
  }, {
    "id" : "6979f8c7-b24d-461a-ac9a-876bfaf85908",
    "regionName" : "footer",
    "type" : "region"
  }, {
    "components" : [ {
      "componentAttributes" : {
        "customHeadTags" : "",
        "description" : "",
        "title" : "Login Error"
      },
      "componentName" : "forceCommunity:seoAssistant",
      "id" : "28ff03e8-091d-445a-bf10-5867773d9cbe",
      "renditionMap" : { },
      "type" : "component"
    } ],
    "id" : "cb2b0278-e388-40d0-857d-5b7165f1694e",
    "regionName" : "sfdcHiddenRegion",
    "type" : "region"
  } ],
  "themeLayoutType" : "Login",
  "type" : "view",
  "viewType" : "login-error"
}