{
  "appPageId" : "5e889692-eb74-4404-8578-68f8ba3ecb63",
  "componentName" : "siteforce:sldsOneColLayout",
  "id" : "3114fdba-85e0-4b43-92f1-83f11302378a",
  "label" : "My Lists",
  "regions" : [ {
    "id" : "5d7be1fe-c95e-4b13-9b4c-3ef43d3623ac",
    "regionName" : "header",
    "type" : "region"
  }, {
    "components" : [ {
      "componentAttributes" : {
        "addAllItemsToCartButtonBackgroundColor" : "",
        "addAllItemsToCartButtonBackgroundHoverColor" : "",
        "addAllItemsToCartButtonBorderColor" : "",
        "addAllItemsToCartButtonBorderRadius" : "0",
        "addAllItemsToCartButtonText" : "Add All Items To Cart",
        "addAllItemsToCartButtonTextColor" : "",
        "addAllItemsToCartButtonTextHoverColor" : "",
        "addToCartButtonBackgroundColor" : "",
        "addToCartButtonBackgroundHoverColor" : "",
        "addToCartButtonBorderColor" : "",
        "addToCartButtonBorderRadius" : "0",
        "addToCartButtonText" : "Add To Cart",
        "addToCartButtonTextColor" : "",
        "addToCartButtonTextHoverColor" : "",
        "emptyWishlistItemsBodyLabel" : "Add the products that you want to remember.",
        "emptyWishlistItemsHeaderLabel" : "No items on this list yet",
        "emptyWishlistsBodyLabel" : "Create lists of the products that you want to remember.",
        "emptyWishlistsHeaderLabel" : "No lists yet",
        "negotiatedPriceFontColor" : "rgb(79,79,79)",
        "negotiatedPriceFontSize" : "large",
        "newListButtonText" : "Create List",
        "originalPriceFontColor" : "rgb(151, 151, 151)",
        "originalPriceFontSize" : "small",
        "productFieldMapping" : "[]",
        "selectWishlistLabel" : "Click a list to open it.",
        "showNegotiatedPrice" : true,
        "showNewListButtonIcon" : true,
        "showOriginalPrice" : false,
        "showProductCounts" : true,
        "showProductImage" : true,
        "showSku" : true,
        "skuLabel" : "SKU #",
        "titleText" : "My Lists",
        "unavailablePriceLabel" : "Price calculated at Checkout"
      },
      "componentName" : "b2b_buyer_builder:wishlistsManager",
      "id" : "173df154-380d-4c9e-891a-993d3a57732f",
      "renderPriority" : "NEUTRAL",
      "renditionMap" : { },
      "type" : "component"
    } ],
    "id" : "b3a51a66-49a1-4a90-9506-bdb99befa40c",
    "regionName" : "content",
    "type" : "region"
  }, {
    "id" : "cfc2d33a-9130-4db3-9331-d0151925e938",
    "regionName" : "footer",
    "type" : "region"
  } ],
  "themeLayoutType" : "Inner",
  "type" : "view",
  "viewType" : "wishlist"
}