{
  "appPageId" : "5e889692-eb74-4404-8578-68f8ba3ecb63",
  "componentName" : "siteforce:dynamicLayout",
  "id" : "bb0f785d-90f5-43ab-846e-ba8c780129b8",
  "label" : "New Cart",
  "regions" : [ {
    "components" : [ {
      "componentAttributes" : {
        "background" : "background: rgba(0,0,0,0)",
        "backgroundOverlay" : "rgba(0,0,0,0.5)",
        "contentAreaWidth" : 100,
        "sectionConfig" : {
          "UUID" : "142f33fb-e42b-447b-afee-0723fd430a21",
          "columns" : [ {
            "UUID" : "fd68b0f7-becc-466b-9023-4c952cf4776c",
            "columnKey" : "1",
            "columnName" : "Column 1",
            "columnWidth" : "9",
            "seedComponents" : [ ]
          }, {
            "UUID" : "20e136f5-a5ef-49a4-b8c3-251b49ec7e13",
            "columnKey" : "258ed",
            "columnName" : "Column 2",
            "columnWidth" : "3",
            "seedComponents" : [ ]
          } ]
        },
        "sectionHeight" : 300
      },
      "componentName" : "forceCommunity:section",
      "id" : "142f33fb-e42b-447b-afee-0723fd430a21",
      "regions" : [ {
        "components" : [ {
          "componentAttributes" : {
            "effectiveAccountId" : "{!CurrentUser.effectiveAccountId}",
            "recordId" : "{!recordId}"
          },
          "componentName" : "c:lb2bCartContent",
          "id" : "b2312a5f-6b49-4e67-9e02-4bae4a3d25da",
          "renderPriority" : "NEUTRAL",
          "renditionMap" : { },
          "type" : "component"
        } ],
        "id" : "fd68b0f7-becc-466b-9023-4c952cf4776c",
        "regionLabel" : "Column 1",
        "regionName" : "1",
        "renditionMap" : { },
        "type" : "region"
      }, {
        "components" : [ {
          "componentAttributes" : { },
          "componentName" : "c:lb2bCartOrderSummary",
          "id" : "44d1f6cb-dbaa-40ba-bb37-9bc861c344c7",
          "renderPriority" : "NEUTRAL",
          "renditionMap" : { },
          "type" : "component"
        } ],
        "id" : "20e136f5-a5ef-49a4-b8c3-251b49ec7e13",
        "regionLabel" : "Column 2",
        "regionName" : "258ed",
        "renditionMap" : { },
        "type" : "region"
      } ],
      "renderPriority" : "NEUTRAL",
      "renditionMap" : { },
      "type" : "component"
    } ],
    "id" : "ce011e88-f1cb-4098-9629-84764e4d6847",
    "regionName" : "content",
    "type" : "region"
  } ],
  "themeLayoutType" : "Inner",
  "type" : "view",
  "viewType" : "detail-0a6"
}