{
  "appPageId" : "5e889692-eb74-4404-8578-68f8ba3ecb63",
  "componentName" : "siteforce:dynamicLayout",
  "id" : "04eb0e42-ceea-4483-9659-167d25e0bd74",
  "label" : "News Detail",
  "regions" : [ {
    "components" : [ {
      "componentAttributes" : {
        "background" : "background: rgba(0,0,0,0)",
        "backgroundOverlay" : "rgba(0,0,0,0.5)",
        "contentAreaWidth" : 100,
        "sectionConfig" : {
          "UUID" : "86d4f9e1-ad06-4fe8-b1e5-76978b1a99a1",
          "columns" : [ {
            "UUID" : "161dee15-4564-4501-aa67-7733cbc9c1b9",
            "columnKey" : "1",
            "columnName" : "Column 1",
            "columnWidth" : "12",
            "seedComponents" : [ ]
          } ]
        },
        "sectionHeight" : 300
      },
      "componentName" : "forceCommunity:section",
      "id" : "86d4f9e1-ad06-4fe8-b1e5-76978b1a99a1",
      "regions" : [ {
        "id" : "161dee15-4564-4501-aa67-7733cbc9c1b9",
        "regionLabel" : "Column 1",
        "regionName" : "1",
        "renditionMap" : { },
        "type" : "region"
      } ],
      "renderPriority" : "NEUTRAL",
      "renditionMap" : { },
      "type" : "component"
    } ],
    "id" : "4f8318fc-016e-4b9b-a6ea-e06fe8764139",
    "regionName" : "content",
    "type" : "region"
  }, {
    "components" : [ {
      "componentAttributes" : {
        "customHeadTags" : "",
        "description" : "",
        "title" : "{!Content.contentTypeLabel}.{!Content.title}"
      },
      "componentName" : "forceCommunity:seoAssistant",
      "id" : "5c461308-112e-4698-ac0c-d4a06215d5ee",
      "renditionMap" : { },
      "type" : "component"
    } ],
    "id" : "210c52af-1fef-439f-b3b7-73578959e787",
    "regionName" : "sfdcHiddenRegion",
    "type" : "region"
  } ],
  "themeLayoutType" : "Inner",
  "type" : "view",
  "viewType" : "managed-content-news"
}