{
  "appPageId" : "5e889692-eb74-4404-8578-68f8ba3ecb63",
  "componentName" : "siteforce:sldsOneColLayout",
  "id" : "8df8e2e0-7817-47e8-8b76-4e5237206827",
  "label" : "Order Confirmation",
  "regions" : [ {
    "id" : "f2bf05aa-d719-4366-b8af-502558742394",
    "regionName" : "header",
    "type" : "region"
  }, {
    "components" : [ {
      "componentAttributes" : {
        "orderSummaryId" : "{!recordId}"
      },
      "componentName" : "forceCommunity:commerceOrderConfirmation",
      "id" : "65568364-aa2c-4ced-83e4-bb4bca2419fe",
      "renderPriority" : "NEUTRAL",
      "renditionMap" : { },
      "type" : "component"
    }, {
      "componentAttributes" : { },
      "componentName" : "c:lb2bOrderConfirmation",
      "id" : "00679722-2758-4700-ac9a-8f34f9666c4f",
      "renderPriority" : "NEUTRAL",
      "renditionMap" : {
        "small" : "ef1a71e5-91bb-48b6-917b-e816bf7fec48"
      },
      "renditions" : [ {
        "id" : "ef1a71e5-91bb-48b6-917b-e816bf7fec48",
        "renditionValue" : {
          "isVisible" : true
        },
        "type" : "renditionComponent"
      } ],
      "type" : "component"
    } ],
    "id" : "ce83fa5b-681e-452e-9f29-892411d71795",
    "regionName" : "content",
    "type" : "region"
  }, {
    "components" : [ {
      "componentAttributes" : {
        "effectiveAccountId" : "{!CurrentUser.effectiveAccountId}"
      },
      "componentName" : "c:lb2bQuickGetPrice",
      "id" : "61a9bae6-7343-4b4a-a5de-48fdf1dd062e",
      "renderPriority" : "NEUTRAL",
      "renditionMap" : { },
      "type" : "component"
    } ],
    "id" : "82298eeb-2ebe-4607-a8a0-2404b583997f",
    "regionName" : "footer",
    "type" : "region"
  } ],
  "themeLayoutType" : "Inner",
  "type" : "view",
  "viewType" : "orderconfirmation"
}