{
  "appPageId" : "5e889692-eb74-4404-8578-68f8ba3ecb63",
  "componentName" : "siteforce:sldsOneColLayout",
  "id" : "be14cb90-b6d9-4695-bb88-d86b939ff6d1",
  "label" : "Order Summary List",
  "regions" : [ {
    "id" : "bb0d9c5d-a11c-4381-b2ab-aa41f7f35358",
    "regionName" : "header",
    "type" : "region"
  }, {
    "components" : [ {
      "componentAttributes" : {
        "richTextValue" : "<h5><strong style=\"font-size: 28px;\">ORDER HISTORY</strong></h5>"
      },
      "componentName" : "forceCommunity:richTextInline",
      "id" : "ec901940-45ed-4a19-ad00-74652eb5584d",
      "renderPriority" : "NEUTRAL",
      "renditionMap" : { },
      "type" : "component"
    }, {
      "componentAttributes" : {
        "tabsetConfig" : {
          "UUID" : "07205c74-0820-4fe3-9f43-0e0f2f251c42",
          "activeTab" : "",
          "tabs" : [ {
            "UUID" : "10d86096-d82b-4bb5-9b07-6eb13d9c73e4",
            "allowGuestUser" : false,
            "locked" : false,
            "seedComponents" : [ ],
            "tabKey" : "1",
            "tabName" : "ADVANCED SEARCH"
          }, {
            "UUID" : "9cbe28a6-1532-46a4-b114-29d227bcaf90",
            "allowGuestUser" : false,
            "locked" : false,
            "seedComponents" : [ ],
            "tabKey" : "2",
            "tabName" : "SEARCH BY ORDER #"
          } ],
          "useOverflowMenu" : false
        }
      },
      "componentName" : "forceCommunity:tabset",
      "id" : "07205c74-0820-4fe3-9f43-0e0f2f251c42",
      "regions" : [ {
        "components" : [ {
          "componentAttributes" : { },
          "componentName" : "c:lb2bOrderHistory",
          "id" : "a69db845-8adb-4596-b8e7-aaa255d4ae4b",
          "renditionMap" : { },
          "type" : "component"
        } ],
        "id" : "10d86096-d82b-4bb5-9b07-6eb13d9c73e4",
        "regionLabel" : "ADVANCED SEARCH",
        "regionName" : "1",
        "renditionMap" : { },
        "type" : "region"
      }, {
        "components" : [ {
          "componentAttributes" : { },
          "componentName" : "c:lb2bOrderHistory",
          "id" : "1c9b5381-b394-412a-ac1b-0d2dbb563391",
          "renditionMap" : { },
          "type" : "component"
        } ],
        "id" : "9cbe28a6-1532-46a4-b114-29d227bcaf90",
        "regionLabel" : "SEARCH BY ORDER #",
        "regionName" : "2",
        "renditionMap" : { },
        "type" : "region"
      } ],
      "renderPriority" : "NEUTRAL",
      "renditionMap" : { },
      "type" : "component"
    } ],
    "id" : "2130d9b2-c991-441c-b8c6-778e0761979f",
    "regionName" : "content",
    "type" : "region"
  }, {
    "id" : "c7f15799-538c-494a-bea6-f530a1676760",
    "regionName" : "footer",
    "type" : "region"
  } ],
  "themeLayoutType" : "Inner",
  "type" : "view",
  "viewType" : "list-1Os"
}