{
  "appPageId" : "5e889692-eb74-4404-8578-68f8ba3ecb63",
  "componentName" : "siteforce:dynamicLayout",
  "id" : "5096b5e5-ea8c-4f66-950f-4dadb25ed2c0",
  "label" : "Orders on Hold",
  "regions" : [ {
    "components" : [ {
      "componentAttributes" : {
        "background" : "background: rgba(0,0,0,0)",
        "backgroundOverlay" : "rgba(0,0,0,0.5)",
        "contentAreaWidth" : 100,
        "sectionConfig" : {
          "UUID" : "32fcc54f-dc64-4df4-b30b-8379dbd2fd32",
          "columns" : [ {
            "UUID" : "656071ef-78d3-4055-8c7d-b7dbe5a88b1a",
            "columnKey" : "1",
            "columnName" : "Column 1",
            "columnWidth" : "12",
            "seedComponents" : [ ]
          } ]
        },
        "sectionHeight" : 300
      },
      "componentName" : "forceCommunity:section",
      "id" : "32fcc54f-dc64-4df4-b30b-8379dbd2fd32",
      "regions" : [ {
        "components" : [ {
          "componentAttributes" : {
            "effectiveAccountId" : "{!CurrentUser.effectiveAccountId}"
          },
          "componentName" : "c:lb2bQuickGetPrice",
          "id" : "42fbe315-9dd3-4a8e-9ede-383aede42f54",
          "renderPriority" : "NEUTRAL",
          "renditionMap" : { },
          "type" : "component"
        }, {
          "componentAttributes" : { },
          "componentName" : "c:lb2bOrderOnHold",
          "id" : "3ac1fd00-b90e-476d-afa3-f6304d433def",
          "renderPriority" : "NEUTRAL",
          "renditionMap" : { },
          "type" : "component"
        }, {
          "componentAttributes" : {
            "effectiveAccountId" : "{!CurrentUser.effectiveAccountId}"
          },
          "componentName" : "c:lb2bQuickGetPrice",
          "id" : "0b8fedda-1d33-4b41-acfb-f85b804f0efd",
          "renderPriority" : "NEUTRAL",
          "renditionMap" : { },
          "type" : "component"
        } ],
        "id" : "656071ef-78d3-4055-8c7d-b7dbe5a88b1a",
        "regionLabel" : "Column 1",
        "regionName" : "1",
        "renditionMap" : { },
        "type" : "region"
      } ],
      "renderPriority" : "NEUTRAL",
      "renditionMap" : { },
      "type" : "component"
    } ],
    "id" : "8b85e2f1-f9f8-4f1c-b9b8-f8465ba75560",
    "regionName" : "content",
    "type" : "region"
  }, {
    "components" : [ {
      "componentAttributes" : {
        "customHeadTags" : "",
        "description" : "",
        "title" : "Orders on Hold"
      },
      "componentName" : "forceCommunity:seoAssistant",
      "id" : "3c660a7e-5608-41b2-97e0-c6a1aeb80112",
      "renditionMap" : { },
      "type" : "component"
    } ],
    "id" : "1c14805b-b427-4c4a-8d51-51c7d1b05e3a",
    "regionName" : "sfdcHiddenRegion",
    "type" : "region"
  } ],
  "themeLayoutType" : "Inner",
  "type" : "view",
  "viewType" : "custom-orders-on-hold"
}