{
  "appPageId" : "5e889692-eb74-4404-8578-68f8ba3ecb63",
  "componentName" : "siteforce:sldsOneColLayout",
  "id" : "33dccd5f-a84c-45d8-8226-f02c547af459",
  "label" : "Order Summary Related List",
  "regions" : [ {
    "id" : "4d11f369-9a43-4261-b75d-e79321606958",
    "regionName" : "header",
    "type" : "region"
  }, {
    "components" : [ {
      "componentAttributes" : {
        "customTitle" : "",
        "parentRecordId" : "{!recordId}",
        "relatedListName" : "{!relationshipApiName}",
        "showBreadCrumbs" : true,
        "showCustomTitle" : false,
        "showManualRefreshButton" : true,
        "showRowNumbers" : true
      },
      "componentName" : "forceCommunity:relatedList",
      "id" : "dee80cfe-cbd9-406b-b50f-820e0633fb6f",
      "renderPriority" : "NEUTRAL",
      "renditionMap" : { },
      "type" : "component"
    } ],
    "id" : "85289b1d-a8ad-4ef0-a32a-eb6b69c9a437",
    "regionName" : "content",
    "type" : "region"
  }, {
    "id" : "9b24237b-59f6-4448-9223-44a3a54d351d",
    "regionName" : "footer",
    "type" : "region"
  } ],
  "themeLayoutType" : "Inner",
  "type" : "view",
  "viewType" : "relatedlist-1Os"
}