{
  "appPageId" : "5e889692-eb74-4404-8578-68f8ba3ecb63",
  "componentName" : "siteforce:sldsOneColLayout",
  "id" : "6ab86cc6-4c48-426f-b46b-241c09fa71a7",
  "label" : "Related Record List",
  "regions" : [ {
    "id" : "5b437268-b03e-41fb-89c5-167f3c591c51",
    "regionName" : "header",
    "type" : "region"
  }, {
    "components" : [ {
      "componentAttributes" : {
        "customTitle" : "",
        "parentRecordId" : "{!recordId}",
        "relatedListName" : "{!relationshipApiName}",
        "showBreadCrumbs" : true,
        "showCustomTitle" : false,
        "showManualRefreshButton" : true,
        "showRowNumbers" : true
      },
      "componentName" : "forceCommunity:relatedList",
      "id" : "d37db506-9a4e-45d6-ac87-d3affb05cb64",
      "renderPriority" : "NEUTRAL",
      "renditionMap" : { },
      "type" : "component"
    } ],
    "id" : "098af185-c371-4ae6-ba24-32272347e5cd",
    "regionName" : "content",
    "type" : "region"
  }, {
    "id" : "1b7daba3-e387-4cdc-9d0d-e77f9ffa5de8",
    "regionName" : "footer",
    "type" : "region"
  } ],
  "themeLayoutType" : "Inner",
  "type" : "view",
  "viewType" : "relatedlist"
}