{
  "appPageId" : "5e889692-eb74-4404-8578-68f8ba3ecb63",
  "componentName" : "siteforce:sldsOneColLayout",
  "id" : "67fb09d9-1a43-497d-b420-9e71a58fed2d",
  "label" : "SAP Order Detail",
  "regions" : [ {
    "id" : "c3931737-4435-4300-b5cf-a45496230b45",
    "regionName" : "header",
    "type" : "region"
  }, {
    "components" : [ {
      "componentAttributes" : { },
      "componentName" : "c:lb2bOrderDetail",
      "id" : "e581115a-4b63-4a33-933f-ec4daf4da508",
      "renderPriority" : "NEUTRAL",
      "renditionMap" : { },
      "type" : "component"
    } ],
    "id" : "8ae0b96d-6818-4d54-bc50-ce35bcfe31dd",
    "regionName" : "content",
    "type" : "region"
  }, {
    "id" : "6c4ac936-9946-4f29-aff7-eb478380a6b1",
    "regionName" : "footer",
    "type" : "region"
  }, {
    "components" : [ {
      "componentAttributes" : {
        "customHeadTags" : "",
        "description" : "",
        "title" : "SAP Order Detail"
      },
      "componentName" : "forceCommunity:seoAssistant",
      "id" : "9f0cb5a0-7ace-42f9-8465-678d97b177aa",
      "renditionMap" : { },
      "type" : "component"
    } ],
    "id" : "a85fcd8b-aacb-401d-ab92-bd66a77147e2",
    "regionName" : "sfdcHiddenRegion",
    "type" : "region"
  } ],
  "themeLayoutType" : "Inner",
  "type" : "view",
  "viewType" : "custom-sap-order-detail"
}