{
  "appPageId" : "5e889692-eb74-4404-8578-68f8ba3ecb63",
  "componentName" : "siteforce:sldsOneColLayout",
  "id" : "4d642b11-0184-480f-9f58-508367937d5a",
  "label" : "Search Results",
  "regions" : [ {
    "id" : "bbb95652-6feb-4a18-8278-e910e88410f0",
    "regionName" : "header",
    "type" : "region"
  }, {
    "components" : [ {
      "componentAttributes" : {
        "effectiveAccountId" : "{!CurrentUser.effectiveAccountId}",
        "recordId" : "{!recordId}",
        "term" : "{!term}"
      },
      "componentName" : "c:lb2bSearchResults",
      "id" : "047d52b2-9fc0-44d4-950f-6bc04d73bf17",
      "renderPriority" : "NEUTRAL",
      "renditionMap" : { },
      "type" : "component"
    } ],
    "id" : "7b3629f3-b552-4eff-aed4-3359d2f67610",
    "regionName" : "content",
    "type" : "region"
  }, {
    "components" : [ {
      "componentAttributes" : {
        "effectiveAccountId" : "{!CurrentUser.effectiveAccountId}"
      },
      "componentName" : "c:lb2bQuickGetPrice",
      "id" : "047fa0bc-558d-4cbc-8c12-7e0d51a40128",
      "renderPriority" : "NEUTRAL",
      "renditionMap" : { },
      "type" : "component"
    } ],
    "id" : "1bd49923-6b9b-412b-aade-2575dad7cf27",
    "regionName" : "footer",
    "type" : "region"
  } ],
  "themeLayoutType" : "Inner",
  "type" : "view",
  "viewType" : "global-search"
}