{
  "appPageId" : "5e889692-eb74-4404-8578-68f8ba3ecb63",
  "componentName" : "siteforce:sldsOneColLayout",
  "id" : "81d1530b-e4fa-40ff-9e1e-4ba71392f2ea",
  "label" : "User Related List",
  "regions" : [ {
    "id" : "b5439476-4fbf-448b-aa9d-2c64bf82ba64",
    "regionName" : "header",
    "type" : "region"
  }, {
    "components" : [ {
      "componentAttributes" : {
        "customTitle" : "",
        "parentRecordId" : "{!recordId}",
        "relatedListName" : "{!relationshipApiName}",
        "showBreadCrumbs" : true,
        "showCustomTitle" : false,
        "showManualRefreshButton" : true,
        "showRowNumbers" : true
      },
      "componentName" : "forceCommunity:relatedList",
      "id" : "44db5c8c-36ad-4fa2-8652-357402f997df",
      "renderPriority" : "NEUTRAL",
      "renditionMap" : { },
      "type" : "component"
    } ],
    "id" : "6988f3a2-44b1-46da-a8ec-3276fc893042",
    "regionName" : "content",
    "type" : "region"
  }, {
    "id" : "7159a24e-0abb-4c1c-8ada-54d779510b6c",
    "regionName" : "footer",
    "type" : "region"
  } ],
  "themeLayoutType" : "Inner",
  "type" : "view",
  "viewType" : "relatedlist-005"
}