{
  "appPageId" : "5e889692-eb74-4404-8578-68f8ba3ecb63",
  "componentName" : "siteforce:sldsOneColLayout",
  "id" : "cb079f62-01de-4c5f-a14d-3544f59f057c",
  "label" : "User List",
  "regions" : [ {
    "id" : "99ef37b6-5615-483a-976b-39f688d11fcc",
    "regionName" : "header",
    "type" : "region"
  }, {
    "id" : "8ab0cded-a44b-4c41-80f7-e4ff3a0cf919",
    "regionName" : "content",
    "type" : "region"
  }, {
    "id" : "1706243e-b09a-41dd-9d9e-b7b2bab1f436",
    "regionName" : "footer",
    "type" : "region"
  } ],
  "themeLayoutType" : "Inner",
  "type" : "view",
  "viewType" : "list-005"
}