{
  "appPageId" : "5e889692-eb74-4404-8578-68f8ba3ecb63",
  "componentName" : "siteforce:sldsOneColLayout",
  "id" : "54f81c82-0d57-436c-9f85-bb03770605e2",
  "label" : "User Profile",
  "regions" : [ {
    "components" : [ {
      "componentAttributes" : {
        "knowledgeableAboutTitle" : "Knows About",
        "maxTopics" : 10,
        "showFullPhotoAsCircle" : true,
        "showKnowledgeableAbout" : false,
        "showPhoto" : true,
        "showReputationInInfluenceCard" : false,
        "showStats" : false,
        "userId" : "{!recordId}"
      },
      "componentName" : "forceCommunity:userProfileBody",
      "id" : "c6240772-cb42-4a51-a9eb-e1812592e95f",
      "renderPriority" : "NEUTRAL",
      "renditionMap" : { },
      "type" : "component"
    } ],
    "id" : "6de77179-ddce-4ae0-8ba5-60460f6031a2",
    "regionName" : "header",
    "type" : "region"
  }, {
    "id" : "2b7d59a5-9a9b-4422-8bc8-907418f67e8f",
    "regionName" : "content",
    "type" : "region"
  }, {
    "id" : "0403113f-ec9e-4ca4-bf45-953f83574275",
    "regionName" : "footer",
    "type" : "region"
  } ],
  "themeLayoutType" : "Inner",
  "type" : "view",
  "viewType" : "detail-005"
}