{
  "appPageId" : "5e889692-eb74-4404-8578-68f8ba3ecb63",
  "componentName" : "siteforce:sldsOneColLayout",
  "id" : "5f10a389-c7c6-4cb7-80e0-a2b21871dad2",
  "label" : "Warranty",
  "regions" : [ {
    "id" : "8fbde3e6-2733-4ef2-b809-c75a1c813e75",
    "regionName" : "header",
    "type" : "region"
  }, {
    "components" : [ {
      "componentAttributes" : {
        "contentType" : "Warranty"
      },
      "componentName" : "c:lb2bContentBlockContainer",
      "id" : "8712b370-305e-4b39-a8c5-d3d2fcddb8a4",
      "renderPriority" : "NEUTRAL",
      "renditionMap" : { },
      "type" : "component"
    } ],
    "id" : "7ba7c263-3852-4cb5-b938-9ee6c6c65a70",
    "regionName" : "content",
    "type" : "region"
  }, {
    "id" : "9052c226-d827-49a6-aa65-739aac46b36d",
    "regionName" : "footer",
    "type" : "region"
  }, {
    "components" : [ {
      "componentAttributes" : {
        "customHeadTags" : "",
        "description" : "",
        "title" : "Warranty"
      },
      "componentName" : "forceCommunity:seoAssistant",
      "id" : "a485183d-6971-43b0-8fa3-0cfcc918c3c9",
      "renditionMap" : { },
      "type" : "component"
    } ],
    "id" : "7bb85fd3-f1cd-451d-a689-92f267c3020f",
    "regionName" : "sfdcHiddenRegion",
    "type" : "region"
  } ],
  "themeLayoutType" : "Inner",
  "type" : "view",
  "viewType" : "custom-warranty"
}