{
  "definitionName" : "b2b:branding-b2b",
  "id" : "d9a4ba1c-8172-4b33-b125-c81cedb873f9",
  "label" : "B2B Commerce",
  "type" : "brandingSet",
  "values" : {
    "ActionColor" : "rgb(0, 0, 0)",
    "BorderColor" : "rgb(204, 204, 204)",
    "CardBackgroundColor" : "rgb(255, 255, 255)",
    "CompanyLogo" : "/file-asset/headerLogo?v=1&amp;height=300&amp;width=300",
    "DetailTextColor" : "rgb(0, 0, 0)",
    "ErrorFontColor" : "rgb(237, 61, 61)",
    "HeaderFonts" : "Montserrat",
    "LinkColor" : "rgb(53, 129, 179)",
    "LoginBackgroundColor" : "rgb(255, 255, 255)",
    "LoginBackgroundImage" : "/file-asset/Ecomm_LargeDCG440B_A3_compressed?v=1",
    "OverlayTextColor" : "rgb(243, 229, 229)",
    "PrimaryFont" : "Montserrat",
    "TextColor" : "rgb(0, 0, 0)",
    "TextTransformStyle" : "uppercase",
    "_ActionColorDarker" : "#000000",
    "_ActionColorTrans" : "rgba(0, 0, 0, 0.9)",
    "_BackgroundColor1" : "rgb(235, 235, 235)",
    "_BackgroundColor2" : "rgb(194, 194, 194)",
    "_BackgroundColor3" : "rgb(133, 133, 133)",
    "_DxpPageBackgroundColor" : "#FFFFFF",
    "_HoverColor" : "rgba(0, 0, 0, 0.05)",
    "_LinkColorDarker" : "#2c6a94",
    "_NeutralColor" : "#ecebea",
    "_NeutralColor1" : "rgb(217, 215, 213)",
    "_NeutralColor2" : "rgb(178, 174, 170)",
    "_NeutralColor3" : "rgb(118, 113, 107)",
    "_NeutralForegroundColor" : "#000",
    "_NeutralForegroundColor1" : "#000",
    "_NeutralForegroundColor2" : "#000",
    "_NeutralForegroundColor3" : "#fff",
    "_OverlayTextColorShadow" : "#000",
    "_PrimaryAccentColor1" : "rgb(0, 0, 0)",
    "_PrimaryAccentColor2" : "rgb(0, 0, 0)",
    "_PrimaryAccentColor3" : "rgb(0, 0, 0)",
    "_PrimaryAccentForegroundColor1" : "rgb(255, 255, 255)",
    "_PrimaryAccentForegroundColor2" : "rgb(255, 255, 255)",
    "_PrimaryAccentForegroundColor3" : "rgb(255, 255, 255)",
    "_TextColor1" : "rgb(0, 0, 0)",
    "_TextColor2" : "rgb(0, 0, 0)",
    "_TextColor3" : "rgb(0, 0, 0)",
    "_brandNavigationBarBackgroundColor" : "rgb(0, 0, 0)",
    "_brandNavigationItemBackgroundColorHover" : "rgba(255,255,255,.2)",
    "_brandNavigationItemDividerColor" : "rgba(255, 255, 255, 0.2)",
    "brandNavigationBackgroundColor" : "rgb(0, 0, 0)",
    "brandNavigationBarBackgroundColor" : "rgb(0, 0, 0)",
    "brandNavigationColorText" : "rgb(255, 255, 255)"
  }
}